Background,th08::Background
Global,th08::Chain,th08::ChainElem,th08::Controller,th08::FileSystem,th08::GameErrorContext,th08::Rng,th08::ZunMemory
Lzss,th08::Lzss
main,WinMain,th08::GameWindow
Midi,th08::MidiDevice,th08::MidiTimer,th08::MidiOutput
PbgArchive,th08::PbgArchive,th08::PbgArchiveEntry
PbgFile,th08::IPbgFile,th08::CPbgFile
SoundPlayer,th08::SoundPlayer
Supervisor,th08::Supervisor
TextHelper,th08::TextHelper
Supervisor,th08::Supervisor
SprtCtrl,th08::SprtCtrl,th08::Sprt,th08::SprtLoaded
utils,th08::utils
zwave,th08::CSoundManager,th08::CSound,th08::CStreamingSound,th08::CWaveFile
